<?xml version="1.0" encoding="UTF-8"?>
<configuration scan="true" scanPeriod="30 seconds">

    <!-- ===================== -->
    <!-- LOG FILE BASE PATH -->
    <!-- ===================== -->
    <property name="LOG_PATH" value="logs"/>

    <!-- ===================== -->
    <!-- LOG PATTERN -->
    <!-- ===================== -->
    <property name="LOG_PATTERN"
              value="%d{yyyy-MM-dd HH:mm:ss.SSS} [%thread] %-5level %logger{36} - %msg%n"/>

    <!-- ===================== -->
    <!-- CONSOLE APPENDER -->
    <!-- ===================== -->
    <appender name="CONSOLE" class="ch.qos.logback.core.ConsoleAppender">
        <encoder>
            <pattern>${LOG_PATTERN}</pattern>
        </encoder>
    </appender>

    <!-- ===================== -->
    <!-- INFO LOG FILE -->
    <!-- ===================== -->
    <appender name="INFO_FILE" class="ch.qos.logback.core.rolling.RollingFileAppender">
        <file>${LOG_PATH}/app-info.log</file>

        <filter class="ch.qos.logback.classic.filter.LevelFilter">
            <level>INFO</level>
            <onMatch>ACCEPT</onMatch>
            <onMismatch>DENY</onMismatch>
        </filter>

        <rollingPolicy class="ch.qos.logback.core.rolling.TimeBasedRollingPolicy">
            <fileNamePattern>${LOG_PATH}/app-info.%d{yyyy-MM-dd}.log</fileNamePattern>
            <maxHistory>14</maxHistory>
        </rollingPolicy>

        <encoder>
            <pattern>${LOG_PATTERN}</pattern>
        </encoder>
    </appender>

    <!-- ===================== -->
    <!-- WARN LOG FILE -->
    <!-- ===================== -->
    <appender name="WARN_FILE" class="ch.qos.logback.core.rolling.RollingFileAppender">
        <file>${LOG_PATH}/app-warn.log</file>

        <filter class="ch.qos.logback.classic.filter.LevelFilter">
            <level>WARN</level>
            <onMatch>ACCEPT</onMatch>
            <onMismatch>DENY</onMismatch>
        </filter>

        <rollingPolicy class="ch.qos.logback.core.rolling.TimeBasedRollingPolicy">
            <fileNamePattern>${LOG_PATH}/app-warn.%d{yyyy-MM-dd}.log</fileNamePattern>
            <maxHistory>30</maxHistory>
        </rollingPolicy>

        <encoder>
            <pattern>${LOG_PATTERN}</pattern>
        </encoder>
    </appender>

    <!-- ===================== -->
    <!-- ERROR LOG FILE -->
    <!-- ===================== -->
    <appender name="ERROR_FILE" class="ch.qos.logback.core.rolling.RollingFileAppender">
        <file>${LOG_PATH}/app-error.log</file>

        <filter class="ch.qos.logback.classic.filter.LevelFilter">
            <level>ERROR</level>
            <onMatch>ACCEPT</onMatch>
            <onMismatch>DENY</onMismatch>
        </filter>

        <rollingPolicy class="ch.qos.logback.core.rolling.TimeBasedRollingPolicy">
            <fileNamePattern>${LOG_PATH}/app-error.%d{yyyy-MM-dd}.log</fileNamePattern>
            <maxHistory>60</maxHistory>
        </rollingPolicy>

        <encoder>
            <pattern>${LOG_PATTERN}</pattern>
        </encoder>
    </appender>

    <!-- ===================== -->
    <!-- DEBUG LOG FILE -->
    <!-- ===================== -->
    <appender name="DEBUG_FILE" class="ch.qos.logback.core.rolling.RollingFileAppender">
        <file>${LOG_PATH}/app-debug.log</file>

        <filter class="ch.qos.logback.classic.filter.LevelFilter">
            <level>DEBUG</level>
            <onMatch>ACCEPT</onMatch>
            <onMismatch>DENY</onMismatch>
        </filter>

        <rollingPolicy class="ch.qos.logback.core.rolling.TimeBasedRollingPolicy">
            <fileNamePattern>${LOG_PATH}/app-debug.%d{yyyy-MM-dd}.log</fileNamePattern>
            <maxHistory>7</maxHistory>
        </rollingPolicy>

        <encoder>
            <pattern>${LOG_PATTERN}</pattern>
        </encoder>
    </appender>

    <!-- ===================== -->
    <!-- PACKAGE LOG LEVELS -->
    <!-- ===================== -->

    <!-- Your application -->
    <logger name="com.example.registration" level="DEBUG"/>

    <!-- Spring Framework -->
    <logger name="org.springframework" level="WARN"/>

    <!-- Hibernate / JPA -->
    <logger name="org.hibernate" level="WARN"/>

    <!-- Silence validation resolved logs -->
    <logger name="org.springframework.web.servlet.mvc.method.annotation.ExceptionHandlerExceptionResolver"
            level="ERROR"/>

    <!-- ===================== -->
    <!-- ROOT LOGGER -->
    <!-- ===================== -->
    <root level="INFO">
        <appender-ref ref="CONSOLE"/>
        <appender-ref ref="INFO_FILE"/>
        <appender-ref ref="WARN_FILE"/>
        <appender-ref ref="ERROR_FILE"/>
        <appender-ref ref="DEBUG_FILE"/>
    </root>

</configuration>
