{
  "hash": "51e45116",
  "configHash": "c64aa097",
  "lockfileHash": "0006e1c3",
  "browserHash": "d0e0ca40",
  "optimized": {
    "@angular/common": {
      "src": "../../../../../../node_modules/@angular/common/fesm2022/common.mjs",
      "file": "@angular_common.js",
      "fileHash": "6d28d091",
      "needsInterop": false
    },
    "@angular/common/http": {
      "src": "../../../../../../node_modules/@angular/common/fesm2022/http.mjs",
      "file": "@angular_common_http.js",
      "fileHash": "3f34bb07",
      "needsInterop": false
    },
    "@angular/core": {
      "src": "../../../../../../node_modules/@angular/core/fesm2022/core.mjs",
      "file": "@angular_core.js",
      "fileHash": "93fb2c9c",
      "needsInterop": false
    },
    "@angular/forms": {
      "src": "../../../../../../node_modules/@angular/forms/fesm2022/forms.mjs",
      "file": "@angular_forms.js",
      "fileHash": "7f4dfd2c",
      "needsInterop": false
    },
    "@angular/platform-browser": {
      "src": "../../../../../../node_modules/@angular/platform-browser/fesm2022/platform-browser.mjs",
      "file": "@angular_platform-browser.js",
      "fileHash": "a57b38e7",
      "needsInterop": false
    },
    "@angular/router": {
      "src": "../../../../../../node_modules/@angular/router/fesm2022/router.mjs",
      "file": "@angular_router.js",
      "fileHash": "5a4ff1e0",
      "needsInterop": false
    }
  },
  "chunks": {
    "chunk-P2THJSOA": {
      "file": "chunk-P2THJSOA.js"
    },
    "chunk-MKB72TFJ": {
      "file": "chunk-MKB72TFJ.js"
    },
    "chunk-3MZQG37H": {
      "file": "chunk-3MZQG37H.js"
    },
    "chunk-VBBQ2GWJ": {
      "file": "chunk-VBBQ2GWJ.js"
    },
    "chunk-MHVRFEGU": {
      "file": "chunk-MHVRFEGU.js"
    }
  }
}